review,sentiment
love love film amazing character scene awesome watch wonderful,1
bad poor boring terrible scene waste plot story film,0
terrible acting waste film poor see scene boring poor,0
beautiful awesome story see acting character wonderful amazing best,1
plot beautiful film beautiful perfect see character love wonderful,1
bad story watch film disappointing plot awful horrible boring,0
bad character disappointing director horrible story worst scene horrible,0
wonderful story director love scene character amazing beautiful perfect,1
bad see movie boring terrible scene plot waste worst,0
movie watch see beautiful amazing excellent perfect film amazing,1
amazing watch story perfect best movie scene love excellent,1
horrible terrible movie awful hate boring character watch plot,0
director acting watch horrible worst hate bad story terrible,0
movie plot scene poor disappointing horrible poor awful director,0
plot perfect movie excellent character perfect beautiful scene best,1
movie character amazing story perfect fantastic director best great,1
wonderful great love see character amazing love story plot,1
best beautiful plot film amazing awesome see love story,1
bad bad disappointing movie see waste watch story horrible,0
boring waste scene director waste poor character acting awful,0
beautiful amazing love fantastic scene best character story director,1
boring director horrible poor scene plot movie boring horrible,0
perfect film character fantastic perfect amazing great scene acting,1
character beautiful amazing watch scene love see great perfect,1
horrible movie worst hate awful disappointing story acting scene,0
worst character story horrible see waste plot bad bad,0
character scene movie terrible awful film waste boring hate,0
disappointing story boring movie bad waste acting bad watch,0
worst boring terrible plot director bad movie bad scene,0
disappointing see character director hate terrible disappointing awful movie,0
hate see director poor worst plot worst waste character,0
waste movie plot disappointing awful poor watch see terrible,0
boring bad scene bad character awful acting poor movie,0
hate worst bad movie see disappointing hate scene acting,0
best great amazing plot fantastic scene watch beautiful director,1
bad worst poor terrible watch movie plot boring film,0
watch plot movie disappointing terrible terrible bad see bad,0
see watch scene awesome acting perfect love great best,1
amazing movie story perfect see perfect awesome beautiful plot,1
acting great see wonderful excellent film wonderful amazing director,1
horrible awful disappointing disappointing scene see story bad plot,0
love film awesome best fantastic watch wonderful see director,1
great acting perfect plot excellent best scene beautiful director,1
hate waste bad story disappointing scene director film poor,0
watch director see disappointing horrible bad hate scene hate,0
poor watch boring movie see disappointing story hate horrible,0
director worst story movie hate terrible terrible watch awful,0
see waste plot story director poor horrible waste hate,0
terrible film director horrible scene disappointing hate poor movie,0
story awesome fantastic wonderful see director watch perfect amazing,1
movie terrible disappointing awful see bad watch director hate,0
disappointing character story watch boring waste plot hate bad,0
director plot see awesome character amazing fantastic love wonderful,1
beautiful see best amazing watch beautiful scene amazing acting,1
director worst waste bad story boring scene worst film,0
movie film beautiful fantastic love wonderful see wonderful watch,1
terrible bad poor story movie disappointing watch plot horrible,0
see director best love love fantastic story acting wonderful,1
wonderful excellent excellent watch perfect film great acting director,1
awful acting scene waste watch terrible worst disappointing see,0
hate terrible movie disappointing film boring acting bad watch,0
hate horrible plot story see disappointing awful waste movie,0
perfect movie love best awesome plot acting see beautiful,1
hate movie watch bad hate waste film poor director,0
film director watch wonderful wonderful love best scene great,1
great watch beautiful awesome plot director fantastic wonderful character,1
amazing best excellent film see beautiful watch scene best,1
great film wonderful awesome awesome movie watch fantastic director,1
worst see watch movie director terrible waste worst terrible,0
movie horrible watch acting plot disappointing waste terrible poor,0
story wonderful film great excellent scene director beautiful great,1
film watch acting horrible bad worst hate story awful,0
movie plot hate waste waste terrible character worst see,0
director character waste worst boring waste plot horrible acting,0
acting love director excellent amazing story great plot love,1
watch beautiful movie excellent beautiful best character director great,1
amazing plot beautiful wonderful acting character fantastic film great,1
horrible awful hate plot horrible see acting watch bad,0
movie perfect excellent amazing best film best acting plot,1
fantastic fantastic love scene beautiful awesome director watch acting,1
acting horrible story film awful waste see horrible waste,0
story director horrible waste waste acting awful watch awful,0
acting boring worst boring scene disappointing story worst director,0
awful watch plot horrible movie director poor worst horrible,0
amazing awesome awesome great scene watch plot film love,1
bad waste plot story awful movie horrible terrible director,0
wonderful watch plot perfect character story great love excellent,1
director hate terrible character disappointing disappointing scene acting waste,0
character awesome acting amazing excellent movie best film fantastic,1
awesome best fantastic excellent director see great plot movie,1
love movie story director best fantastic awesome excellent plot,1
fantastic plot best great love scene story character amazing,1
story character perfect director beautiful perfect see awesome best,1
perfect see movie plot fantastic amazing awesome director amazing,1
boring see bad plot hate poor director acting bad,0
story character great best director scene amazing awesome wonderful,1
perfect see love director character awesome great scene beautiful,1
amazing great story amazing watch excellent love scene plot,1
great story love plot amazing excellent see director beautiful,1
perfect scene best love see beautiful story film great,1
story director bad horrible disappointing character hate bad acting,0
movie plot poor bad film boring terrible boring story,0
horrible worst acting boring terrible watch character film terrible,0
beautiful scene best plot wonderful story acting excellent great,1
see plot awful bad watch character terrible boring worst,0
terrible scene waste terrible film horrible watch story hate,0
character hate poor bad plot poor watch terrible director,0
awful movie acting terrible director horrible bad terrible film,0
perfect beautiful film scene amazing awesome story best acting,1
story movie terrible hate waste boring plot see awful,0
waste film acting poor scene poor movie bad waste,0
plot hate watch see acting disappointing waste horrible awful,0
terrible movie scene disappointing poor poor director acting terrible,0
best beautiful great wonderful plot movie see fantastic film,1
character amazing perfect wonderful acting movie scene excellent excellent,1
poor boring poor director acting terrible film worst watch,0
poor see disappointing awful boring film bad plot movie,0
excellent amazing love scene amazing perfect story director film,1
great movie excellent acting amazing excellent perfect film scene,1
character fantastic film plot acting awesome great awesome beautiful,1
see worst poor disappointing acting bad director story disappointing,0
movie waste story character worst disappointing see hate bad,0
story scene awful awful boring poor see movie hate,0
disappointing hate director watch waste waste horrible character film,0
scene plot beautiful love great see wonderful watch awesome,1
plot excellent amazing beautiful great character film story perfect,1
character see love great plot excellent amazing excellent film,1
character watch poor boring horrible disappointing waste story acting,0
boring watch see movie worst film disappointing boring poor,0
scene beautiful watch awesome wonderful director plot beautiful fantastic,1
story disappointing horrible scene character awful awful hate film,0
excellent best best see fantastic scene director great watch,1
waste film watch boring horrible terrible boring acting story,0
plot character love beautiful acting best awesome watch great,1
beautiful acting perfect see film best director love beautiful,1
excellent fantastic perfect watch scene film perfect amazing director,1
horrible disappointing see bad film bad waste plot watch,0
fantastic character amazing beautiful movie fantastic acting awesome scene,1
acting movie worst poor hate terrible disappointing watch character,0
amazing awesome see best fantastic movie perfect character story,1
best acting excellent story movie awesome beautiful best scene,1
love awesome scene awesome fantastic movie perfect see acting,1
poor story see worst worst watch hate waste acting,0
acting bad story film watch horrible boring horrible hate,0
awesome acting fantastic fantastic plot awesome director watch love,1
horrible see worst horrible movie plot worst acting bad,0
scene story worst awful film acting worst awful boring,0
disappointing scene horrible see movie awful director terrible worst,0
awesome best love watch wonderful character director scene amazing,1
terrible acting awful movie story horrible see terrible boring,0
hate disappointing disappointing plot director movie awful character terrible,0
perfect fantastic awesome wonderful see wonderful story movie director,1
terrible acting character see movie worst awful awful hate,0
boring waste film terrible character hate boring acting movie,0
watch hate movie horrible see plot disappointing boring disappointing,0
scene love film wonderful fantastic character wonderful movie excellent,1
director film story terrible terrible hate scene bad worst,0
scene wonderful amazing film movie fantastic excellent watch great,1
hate disappointing see plot bad poor scene movie boring,0
acting wonderful perfect amazing fantastic film best character see,1
acting awful character worst movie hate hate bad watch,0
excellent amazing plot watch love amazing character fantastic movie,1
bad character director poor horrible poor plot film disappointing,0
beautiful excellent love fantastic movie story amazing director character,1
see perfect excellent perfect wonderful acting plot director best,1
director amazing film wonderful fantastic great character excellent movie,1
beautiful scene story movie perfect great film amazing excellent,1
terrible poor film horrible story plot director worst awful,0
boring poor plot scene director waste terrible worst story,0
bad poor story film see character terrible poor boring,0
movie film character worst horrible terrible acting worst horrible,0
poor acting worst character hate bad watch story boring,0
hate waste poor movie scene director awful bad see,0
worst scene see poor awful character film disappointing hate,0
character see worst disappointing story plot hate boring waste,0
acting horrible plot film terrible bad awful character horrible,0
plot amazing beautiful watch story love amazing wonderful scene,1
scene poor character worst watch waste worst horrible story,0
disappointing character scene boring bad watch see disappointing waste,0
poor bad director plot see boring boring movie awful,0
wonderful excellent fantastic director watch wonderful story film great,1
perfect best wonderful great director story movie film perfect,1
amazing acting best movie beautiful character perfect best see,1
story hate awful terrible scene disappointing see bad watch,0
boring film awful worst scene bad watch see terrible,0
character acting scene film disappointing bad hate terrible waste,0
beautiful plot watch amazing amazing fantastic great see movie,1
wonderful movie love best plot character scene excellent excellent,1
director love amazing scene beautiful wonderful movie love see,1
story worst poor hate disappointing poor movie watch character,0
plot fantastic great amazing excellent film wonderful acting story,1
disappointing character story awful see awful hate watch disappointing,0
great great story best movie film awesome see perfect,1
see amazing watch wonderful awesome perfect plot movie beautiful,1
great wonderful director beautiful acting plot story amazing perfect,1
character boring poor worst movie scene waste watch awful,0
great see film watch awesome plot amazing excellent perfect,1
terrible watch disappointing waste worst see acting scene waste,0
director see fantastic love scene love best movie fantastic,1
film worst terrible horrible director watch story worst disappointing,0
plot terrible scene boring acting worst boring watch disappointing,0
worst horrible character acting story movie terrible worst hate,0
waste disappointing bad see plot bad watch horrible movie,0
plot wonderful director see excellent great wonderful awesome movie,1
love scene see watch great awesome awesome plot excellent,1
awesome acting wonderful film watch amazing plot fantastic best,1
scene amazing beautiful great love best director film see,1
great scene amazing director character wonderful acting beautiful awesome,1
movie hate terrible plot film horrible bad story horrible,0
director great story excellent scene beautiful amazing beautiful movie,1
director bad horrible boring poor worst scene story see,0
fantastic see love amazing director character perfect story great,1
story wonderful amazing awesome best character scene watch excellent,1
fantastic best great excellent acting see fantastic watch plot,1
hate horrible disappointing movie plot story bad horrible acting,0
disappointing movie character horrible awful plot acting boring terrible,0
poor worst director scene terrible character terrible disappointing film,0
boring watch worst story terrible plot disappointing see waste,0
story see awful movie worst character horrible poor waste,0
director excellent fantastic character great watch amazing acting awesome,1
fantastic best amazing story plot excellent awesome film scene,1
director love movie beautiful scene awesome great fantastic film,1
best plot excellent see fantastic awesome perfect character film,1
boring terrible worst see waste scene terrible story acting,0
waste horrible worst worst see scene director plot boring,0
movie great beautiful fantastic character director excellent awesome plot,1
best director see acting excellent excellent scene best great,1
director movie bad see scene bad horrible disappointing disappointing,0
story disappointing poor film scene horrible boring see worst,0
beautiful see director fantastic awesome love character amazing movie,1
watch worst waste story worst boring director poor plot,0
watch beautiful fantastic best story acting wonderful great director,1
director waste poor acting worst watch worst film disappointing,0
movie beautiful wonderful excellent love film director perfect scene,1
great amazing acting see amazing wonderful story film best,1
waste awful acting story film waste disappointing director awful,0
character poor hate disappointing bad worst watch film see,0
director poor scene acting boring bad film horrible awful,0
poor movie story bad scene film awful boring boring,0
director terrible movie acting waste poor bad terrible character,0
amazing perfect watch great movie film beautiful great scene,1
acting poor film terrible boring movie plot awful horrible,0
see fantastic best fantastic watch plot great perfect story,1
excellent see amazing fantastic watch scene fantastic amazing movie,1
beautiful acting love best excellent director movie story wonderful,1
scene amazing perfect film director character excellent amazing perfect,1
see disappointing boring watch poor terrible waste story character,0
fantastic awesome character love plot fantastic best movie acting,1
watch hate horrible movie see horrible waste disappointing story,0
story waste see disappointing disappointing plot bad awful acting,0
perfect film excellent director plot amazing story great great,1
excellent character excellent plot see watch beautiful great perfect,1
director excellent amazing scene best acting excellent see awesome,1
film disappointing story director watch awful disappointing terrible bad,0
film love fantastic watch director perfect excellent see best,1
beautiful excellent director love best story amazing movie scene,1
director beautiful amazing see love perfect love watch film,1
see love watch beautiful excellent awesome love character story,1
story terrible film plot character boring worst worst poor,0
film watch waste awful horrible plot worst boring character,0
watch awesome scene beautiful best amazing plot director perfect,1
beautiful perfect watch director best see love fantastic character,1
watch acting great awesome plot beautiful perfect wonderful scene,1
best amazing love acting fantastic wonderful movie director plot,1
beautiful acting amazing story awesome awesome movie love scene,1
see awesome character excellent awesome director beautiful best plot,1
scene plot great see amazing wonderful great watch perfect,1
director beautiful character perfect film great perfect excellent plot,1
acting beautiful perfect awesome plot see love story beautiful,1
see awful director poor worst terrible boring watch character,0
waste scene watch hate disappointing awful see poor plot,0
terrible scene movie hate disappointing bad see awful watch,0
acting amazing see wonderful wonderful movie great film beautiful,1
see director awesome character love excellent excellent great scene,1
perfect amazing beautiful director film character beautiful acting excellent,1
terrible disappointing film scene poor character see boring terrible,0
character love acting film movie awesome love perfect perfect,1
perfect excellent see love movie scene amazing perfect story,1
poor character watch film see horrible waste terrible bad,0
acting excellent plot fantastic awesome director see great amazing,1
great story character see excellent wonderful best awesome film,1
boring scene film hate plot awful waste horrible movie,0
awful poor boring plot acting poor movie worst character,0
plot see character hate worst bad acting boring poor,0
boring terrible director bad plot terrible movie watch poor,0
perfect film excellent watch awesome excellent acting fantastic movie,1
story plot love beautiful beautiful film amazing perfect character,1
movie plot watch beautiful fantastic acting perfect best fantastic,1
watch horrible poor see awful film boring bad movie,0
director boring scene horrible worst character film hate hate,0
great see film scene excellent amazing acting perfect wonderful,1
watch director great amazing perfect acting character wonderful perfect,1
movie see disappointing scene watch disappointing terrible poor terrible,0
hate plot horrible waste story poor worst scene director,0
fantastic love perfect scene excellent film plot character best,1
best scene beautiful excellent wonderful acting plot character beautiful,1
best plot love excellent watch fantastic see character wonderful,1
beautiful best acting love awesome story see scene love,1
awesome acting love perfect excellent film movie see love,1
awesome best movie great story scene see perfect fantastic,1
acting great wonderful movie awesome great story best scene,1
see terrible story boring horrible scene director waste hate,0
watch best perfect perfect love see scene story excellent,1
awful horrible see character terrible terrible watch story hate,0
scene film character awful awful poor movie bad poor,0
hate bad awful boring waste watch movie see plot,0
acting director excellent best film great movie wonderful amazing,1
hate plot director scene boring worst terrible waste character,0
plot hate waste acting boring awful story worst movie,0
great character wonderful great acting movie amazing perfect see,1
hate character boring waste bad film scene watch waste,0
movie wonderful beautiful acting excellent film plot fantastic great,1
movie plot fantastic awesome perfect great film love story,1
best love amazing director see perfect movie plot best,1
bad worst story see horrible character waste waste movie,0
plot best see movie scene awesome perfect awesome love,1
director scene beautiful beautiful amazing wonderful film watch great,1
awesome film scene fantastic perfect fantastic plot awesome story,1
perfect beautiful see wonderful beautiful character plot great scene,1
watch film excellent best best fantastic see scene beautiful,1
film movie plot bad director boring disappointing bad horrible,0
best character film amazing beautiful awesome fantastic acting watch,1
movie character beautiful director awesome wonderful excellent watch love,1
amazing scene story beautiful character director best wonderful perfect,1
see terrible disappointing character story disappointing waste waste plot,0
best watch fantastic story beautiful acting best beautiful plot,1
waste boring watch director acting terrible hate story poor,0
see film bad awful boring hate movie director disappointing,0
boring horrible acting film waste character worst story poor,0
love film story best best see love scene wonderful,1
worst awful boring watch waste poor character scene see,0
awful awful see waste movie plot watch poor waste,0
see great perfect movie director fantastic great acting love,1
acting beautiful love amazing excellent plot director story amazing,1
see love plot best perfect movie story best excellent,1
watch movie story fantastic love excellent best amazing film,1
hate film boring watch director movie awful worst terrible,0
director film best plot wonderful scene excellent awesome fantastic,1
movie awesome fantastic plot excellent wonderful character see fantastic,1
director poor awful disappointing poor movie character story waste,0
excellent director love acting great fantastic movie awesome character,1
character poor horrible scene poor see waste disappointing watch,0
worst acting hate boring boring director plot hate character,0
story horrible waste disappointing waste terrible see plot film,0
worst worst plot character movie hate disappointing boring film,0
poor boring director hate watch plot acting worst bad,0
terrible character disappointing waste disappointing horrible director movie plot,0
beautiful film beautiful awesome character love amazing see story,1
hate watch horrible terrible acting waste poor film movie,0
best love see perfect director acting beautiful awesome character,1
character watch waste bad terrible poor hate scene director,0
horrible boring movie scene worst film awful watch poor,0
terrible disappointing waste scene acting see director disappointing waste,0
character awesome movie great beautiful film watch fantastic wonderful,1
awful poor terrible see movie disappointing scene disappointing watch,0
movie acting hate story film boring bad disappointing awful,0
see movie watch amazing excellent best beautiful perfect film,1
character movie terrible disappointing poor plot awful bad film,0
fantastic love scene awesome watch plot film wonderful perfect,1
disappointing character story hate waste hate watch director worst,0
poor plot see waste story worst horrible director waste,0
director story bad acting see terrible waste disappointing awful,0
movie boring awful terrible bad director awful acting see,0
plot poor worst film watch terrible director boring waste,0
bad movie watch film waste acting terrible disappointing worst,0
boring hate awful story film director disappointing boring movie,0
story watch director great fantastic awesome character love best,1
great perfect character best great director story fantastic acting,1
love film best beautiful see awesome movie character fantastic,1
see director great love character great movie wonderful fantastic,1
awful bad story awful hate character scene see waste,0
awful terrible plot boring scene story worst terrible acting,0
terrible poor awful bad story film scene poor movie,0
excellent character film see fantastic love great awesome acting,1
perfect awesome wonderful director wonderful scene watch character awesome,1
waste character film scene director poor poor boring awful,0
see hate horrible character plot boring awful director waste,0
acting great awesome great movie amazing awesome film plot,1
boring acting awful hate character story movie awful terrible,0
watch worst bad awful waste poor scene story film,0
director scene disappointing story awful terrible hate acting poor,0
hate disappointing character story see scene waste worst terrible,0
love amazing wonderful director story movie beautiful watch great,1
watch horrible film character bad director waste awful hate,0
director awful bad horrible scene poor film disappointing see,0
plot character horrible film waste story horrible waste boring,0
film horrible disappointing movie poor awful poor acting plot,0
bad poor plot scene boring boring awful movie acting,0
acting hate poor see terrible horrible boring film plot,0
fantastic best plot great excellent wonderful movie character see,1
perfect watch amazing director awesome wonderful character beautiful see,1
disappointing bad disappointing story boring scene character watch poor,0
boring horrible film bad see disappointing acting hate director,0
acting watch excellent director amazing fantastic story fantastic great,1
character wonderful amazing watch great perfect director awesome see,1
boring character acting bad worst watch awful boring plot,0
worst film hate hate worst see scene acting awful,0
bad horrible waste terrible horrible plot story character see,0
watch hate see poor acting waste boring story boring,0
excellent beautiful beautiful see acting watch wonderful best film,1
wonderful great best beautiful scene watch plot fantastic character,1
scene character terrible plot film disappointing bad terrible awful,0
scene see amazing perfect beautiful story fantastic fantastic movie,1
awful movie worst see worst character scene disappointing hate,0
film love excellent plot beautiful director watch amazing fantastic,1
story boring character hate waste worst see acting poor,0
beautiful story great scene excellent director character amazing awesome,1
fantastic movie wonderful plot acting film love perfect best,1
great perfect wonderful watch story love see beautiful acting,1
waste story scene hate poor see hate boring plot,0
awesome excellent watch movie best love character film fantastic,1
great perfect film see best movie beautiful character beautiful,1
fantastic movie plot perfect excellent amazing scene fantastic acting,1
bad terrible movie disappointing disappointing director story character awful,0
director scene horrible worst poor bad awful movie watch,0
beautiful amazing acting best movie perfect fantastic plot watch,1
fantastic beautiful scene see love perfect awesome watch film,1
great plot love movie fantastic love character see best,1
acting horrible awful see boring boring character story terrible,0
see amazing fantastic movie beautiful best character story wonderful,1
movie fantastic beautiful fantastic story amazing scene character awesome,1
disappointing director acting disappointing boring awful character boring movie,0
watch story fantastic excellent director love movie excellent awesome,1
best excellent watch film great director beautiful love see,1
scene plot movie awful hate boring waste terrible see,0
director horrible acting character poor boring hate horrible film,0
acting film worst story horrible waste disappointing director disappointing,0
director terrible boring plot awful film movie boring hate,0
bad disappointing director hate boring see worst film watch,0
bad worst boring poor terrible plot see film character,0
watch boring horrible worst waste character waste film story,0
perfect best see director fantastic great character awesome watch,1
movie great director best fantastic beautiful fantastic character film,1
great scene amazing film acting movie fantastic excellent beautiful,1
plot best perfect scene see story love perfect awesome,1
story scene love best acting watch amazing great perfect,1
waste movie plot character poor disappointing disappointing see awful,0
film poor watch worst boring terrible movie waste story,0
beautiful film plot movie story fantastic perfect fantastic awesome,1
watch boring awful character horrible disappointing disappointing story plot,0
plot worst terrible hate story see disappointing poor movie,0
amazing awesome plot great movie story excellent wonderful director,1
scene perfect see best excellent plot acting amazing great,1
poor story waste terrible horrible bad movie see acting,0
excellent great acting plot scene film great awesome amazing,1
great love acting film character amazing see perfect amazing,1
scene amazing movie watch best perfect awesome best character,1
perfect plot see acting excellent director best wonderful best,1
love excellent acting scene movie film great love beautiful,1
scene story poor terrible acting horrible character terrible waste,0
scene acting film poor director horrible boring hate hate,0
movie worst awful poor waste film see poor scene,0
character excellent perfect scene best movie amazing great plot,1
amazing fantastic scene fantastic movie director plot best perfect,1
film horrible movie awful hate watch hate director horrible,0
horrible acting disappointing see film worst boring director disappointing,0
bad bad character acting hate waste story worst watch,0
disappointing story acting see boring awful scene horrible boring,0
awesome plot film fantastic perfect wonderful beautiful watch acting,1
film movie plot scene worst poor disappointing poor bad,0
awful boring worst movie director see poor watch disappointing,0
worst horrible hate awful story movie poor acting director,0
beautiful character see beautiful great best director movie love,1
movie director fantastic best plot story beautiful wonderful amazing,1
watch love awesome plot best fantastic scene perfect see,1
character fantastic amazing movie great best amazing watch story,1
beautiful see amazing director excellent watch perfect perfect scene,1
awful director awful waste horrible story waste character acting,0
horrible worst film see poor awful character plot hate,0
movie film boring awful story waste disappointing director terrible,0
plot fantastic best movie awesome perfect character scene love,1
film terrible boring story character boring awful scene poor,0
beautiful awesome best film see character love director amazing,1
excellent excellent movie story best perfect scene director perfect,1
fantastic great movie acting wonderful fantastic film love plot,1
awesome director scene fantastic amazing plot love excellent acting,1
waste watch hate film poor acting terrible character bad,0
great plot great watch best wonderful character story best,1
film movie great plot perfect fantastic story awesome best,1
movie worst plot story poor boring terrible worst scene,0
movie acting worst bad terrible director scene hate awful,0
movie beautiful great awesome wonderful watch see plot beautiful,1
excellent story perfect movie acting wonderful awesome amazing see,1
scene love great awesome amazing watch character beautiful movie,1
plot best amazing love director awesome scene watch awesome,1
acting love watch excellent love character perfect fantastic director,1
story scene amazing awesome see best beautiful plot beautiful,1
film awful see acting director awful terrible bad boring,0
movie beautiful best great awesome amazing director acting scene,1
plot acting perfect excellent perfect director beautiful see best,1
film plot bad worst acting boring worst scene hate,0
plot film worst watch bad hate boring character bad,0
amazing story awesome fantastic film great scene watch beautiful,1
worst waste see story bad boring director terrible watch,0
scene worst see terrible poor plot bad awful movie,0
beautiful acting see best plot beautiful best character great,1
best acting movie director excellent excellent film love great,1
horrible poor character film movie terrible see bad awful,0
film best story awesome beautiful perfect perfect see watch,1
plot hate scene terrible film terrible poor bad acting,0
